<?xml version="1.0" encoding="UTF-8"?>
<GenRun Id="synth_1" LaunchPart="xc7a35tlcpg236-2L" LaunchTime="1618729184">
  <File Type="RDS-PROPCONSTRS" Name="Ps2_Top_drc_synth.rpt"/>
  <File Type="PA-TCL" Name="Ps2_Top.tcl"/>
  <File Type="RDS-RDS" Name="Ps2_Top.vds"/>
  <File Type="RDS-UTIL" Name="Ps2_Top_utilization_synth.rpt"/>
  <File Type="RDS-UTIL-PB" Name="Ps2_Top_utilization_synth.pb"/>
  <File Type="RDS-DCP" Name="Ps2_Top.dcp"/>
  <File Type="VDS-TIMINGSUMMARY" Name="Ps2_Top_timing_summary_synth.rpt"/>
  <File Type="VDS-TIMING-PB" Name="Ps2_Top_timing_summary_synth.pb"/>
  <FileSet Name="sources" Type="DesignSrcs" RelSrcDir="$PSRCDIR/sources_1">
    <Filter Type="Srcs"/>
    <File Path="$PSRCDIR/sources_1/imports/sources_1/imports/EE3_PRE_FPGA1_204783161_302309539/FA.v">
      <FileInfo>
        <Attr Name="ImportPath" Val="$PPRDIR/../lab2/lab2.srcs/sources_1/imports/EE3_PRE_FPGA1_204783161_302309539/FA.v"/>
        <Attr Name="ImportTime" Val="1616311029"/>
        <Attr Name="UsedIn" Val="synthesis"/>
        <Attr Name="UsedIn" Val="implementation"/>
        <Attr Name="UsedIn" Val="simulation"/>
      </FileInfo>
    </File>
    <File Path="$PSRCDIR/sources_1/imports/sources_1/imports/EE3_PRE_FPGA1_204783161_302309539/Adder.v">
      <FileInfo>
        <Attr Name="ImportPath" Val="$PPRDIR/../lab2/lab2.srcs/sources_1/imports/EE3_PRE_FPGA1_204783161_302309539/Adder.v"/>
        <Attr Name="ImportTime" Val="1616311029"/>
        <Attr Name="UsedIn" Val="synthesis"/>
        <Attr Name="UsedIn" Val="implementation"/>
        <Attr Name="UsedIn" Val="simulation"/>
      </FileInfo>
    </File>
    <File Path="$PSRCDIR/sources_1/imports/sources_1/imports/EE3_PRE_FPGA1_204783161_302309539/Inc_Dec.v">
      <FileInfo>
        <Attr Name="ImportPath" Val="$PPRDIR/../lab2/lab2.srcs/sources_1/imports/EE3_PRE_FPGA1_204783161_302309539/Inc_Dec.v"/>
        <Attr Name="ImportTime" Val="1618065769"/>
        <Attr Name="UsedIn" Val="synthesis"/>
        <Attr Name="UsedIn" Val="implementation"/>
        <Attr Name="UsedIn" Val="simulation"/>
      </FileInfo>
    </File>
    <File Path="$PSRCDIR/sources_1/imports/sources_1/new/PS2_Interface.v">
      <FileInfo>
        <Attr Name="ImportPath" Val="$PPRDIR/../lab2/lab2.srcs/sources_1/new/PS2_Interface.v"/>
        <Attr Name="ImportTime" Val="1618074192"/>
        <Attr Name="UsedIn" Val="synthesis"/>
        <Attr Name="UsedIn" Val="implementation"/>
        <Attr Name="UsedIn" Val="simulation"/>
      </FileInfo>
    </File>
    <File Path="$PSRCDIR/sources_1/imports/sources_1/new/Ps2_Display.v">
      <FileInfo>
        <Attr Name="ImportPath" Val="$PPRDIR/../lab2/lab2.srcs/sources_1/new/Ps2_Display.v"/>
        <Attr Name="ImportTime" Val="1618074228"/>
        <Attr Name="UsedIn" Val="synthesis"/>
        <Attr Name="UsedIn" Val="implementation"/>
        <Attr Name="UsedIn" Val="simulation"/>
      </FileInfo>
    </File>
    <File Path="$PSRCDIR/sources_1/imports/sources_1/new/Ps2_Top.v">
      <FileInfo>
        <Attr Name="ImportPath" Val="$PPRDIR/../lab2/lab2.srcs/sources_1/new/Ps2_Top.v"/>
        <Attr Name="ImportTime" Val="1618075003"/>
        <Attr Name="UsedIn" Val="synthesis"/>
        <Attr Name="UsedIn" Val="implementation"/>
        <Attr Name="UsedIn" Val="simulation"/>
      </FileInfo>
    </File>
    <File Path="$PSRCDIR/sources_1/imports/sources_1/imports/EE3_PRE_FPGA1_204783161_302309539/Seg_7_Display.v">
      <FileInfo>
        <Attr Name="AutoDisabled" Val="1"/>
        <Attr Name="ImportPath" Val="$PPRDIR/../lab2/lab2.srcs/sources_1/imports/EE3_PRE_FPGA1_204783161_302309539/Seg_7_Display.v"/>
        <Attr Name="ImportTime" Val="1618061968"/>
        <Attr Name="UsedIn" Val="synthesis"/>
        <Attr Name="UsedIn" Val="implementation"/>
        <Attr Name="UsedIn" Val="simulation"/>
      </FileInfo>
    </File>
    <File Path="$PSRCDIR/sources_1/imports/sources_1/imports/EE3_PRE_FPGA1_204783161_302309539/Counter.v">
      <FileInfo>
        <Attr Name="AutoDisabled" Val="1"/>
        <Attr Name="ImportPath" Val="$PPRDIR/../lab2/lab2.srcs/sources_1/imports/EE3_PRE_FPGA1_204783161_302309539/Counter.v"/>
        <Attr Name="ImportTime" Val="1616311029"/>
        <Attr Name="UsedIn" Val="synthesis"/>
        <Attr Name="UsedIn" Val="implementation"/>
        <Attr Name="UsedIn" Val="simulation"/>
      </FileInfo>
    </File>
    <File Path="$PSRCDIR/sources_1/imports/sources_1/imports/EE3_PRE_FPGA1_204783161_302309539/Counter_tb.v">
      <FileInfo>
        <Attr Name="AutoDisabled" Val="1"/>
        <Attr Name="ImportPath" Val="$PPRDIR/../lab2/lab2.srcs/sources_1/imports/EE3_PRE_FPGA1_204783161_302309539/Counter_tb.v"/>
        <Attr Name="ImportTime" Val="1616311029"/>
        <Attr Name="UsedIn" Val="synthesis"/>
        <Attr Name="UsedIn" Val="implementation"/>
        <Attr Name="UsedIn" Val="simulation"/>
      </FileInfo>
    </File>
    <File Path="$PSRCDIR/sources_1/imports/sources_1/new/Ps2_Disp_tb.v">
      <FileInfo>
        <Attr Name="AutoDisabled" Val="1"/>
        <Attr Name="ImportPath" Val="$PPRDIR/../lab2/lab2.srcs/sources_1/new/Ps2_Disp_tb.v"/>
        <Attr Name="ImportTime" Val="1617979682"/>
        <Attr Name="UsedIn" Val="synthesis"/>
        <Attr Name="UsedIn" Val="implementation"/>
        <Attr Name="UsedIn" Val="simulation"/>
      </FileInfo>
    </File>
    <File Path="$PSRCDIR/sources_1/imports/sources_1/new/Ps2_Top_tb.v">
      <FileInfo>
        <Attr Name="AutoDisabled" Val="1"/>
        <Attr Name="ImportPath" Val="$PPRDIR/../lab2/lab2.srcs/sources_1/new/Ps2_Top_tb.v"/>
        <Attr Name="ImportTime" Val="1618071615"/>
        <Attr Name="UsedIn" Val="synthesis"/>
        <Attr Name="UsedIn" Val="implementation"/>
        <Attr Name="UsedIn" Val="simulation"/>
      </FileInfo>
    </File>
    <File Path="$PSRCDIR/sources_1/imports/sources_1/new/PS2_Interface_tb.v">
      <FileInfo>
        <Attr Name="AutoDisabled" Val="1"/>
        <Attr Name="ImportPath" Val="$PPRDIR/../lab2/lab2.srcs/sources_1/new/PS2_Interface_tb.v"/>
        <Attr Name="ImportTime" Val="1617974847"/>
        <Attr Name="UsedIn" Val="synthesis"/>
        <Attr Name="UsedIn" Val="implementation"/>
        <Attr Name="UsedIn" Val="simulation"/>
      </FileInfo>
    </File>
    <File Path="$PSRCDIR/sources_1/imports/sources_1/imports/lab1_student_sources/Inc_Dec_tb.v">
      <FileInfo>
        <Attr Name="AutoDisabled" Val="1"/>
        <Attr Name="ImportPath" Val="$PPRDIR/../lab2/lab2.srcs/sources_1/imports/lab1_student_sources/Inc_Dec_tb.v"/>
        <Attr Name="ImportTime" Val="1615567991"/>
        <Attr Name="UsedIn" Val="synthesis"/>
        <Attr Name="UsedIn" Val="implementation"/>
        <Attr Name="UsedIn" Val="simulation"/>
      </FileInfo>
    </File>
    <Config>
      <Option Name="DesignMode" Val="RTL"/>
      <Option Name="TopModule" Val="Ps2_Top"/>
      <Option Name="TopLib" Val="xil_defaultlib"/>
      <Option Name="TopRTLFile" Val="$PSRCDIR/sources_1/imports/sources_1/new/Ps2_Top.v"/>
    </Config>
  </FileSet>
  <FileSet Name="constrs_in" Type="Constrs" RelSrcDir="$PSRCDIR/constrs_1">
    <Filter Type="Constrs"/>
    <File Path="$PSRCDIR/constrs_1/imports/new/task1.xdc">
      <FileInfo>
        <Attr Name="ImportPath" Val="$PPRDIR/../lab2/lab2.srcs/constrs_1/new/task1.xdc"/>
        <Attr Name="ImportTime" Val="1618068974"/>
        <Attr Name="UsedIn" Val="synthesis"/>
        <Attr Name="UsedIn" Val="implementation"/>
      </FileInfo>
    </File>
    <Config>
      <Option Name="TargetConstrsFile" Val="$PSRCDIR/constrs_1/imports/new/task1.xdc"/>
      <Option Name="ConstrsType" Val="XDC"/>
    </Config>
  </FileSet>
  <Strategy Version="1" Minor="2">
    <StratHandle Name="Vivado Synthesis Defaults" Flow="Vivado Synthesis 2016"/>
    <Step Id="synth_design"/>
  </Strategy>
</GenRun>
