<?xml version="1.0" encoding="UTF-8"?>
<GenRun Id="impl_1" LaunchPart="xc7a35tlcpg236-2L" LaunchTime="1618729184">
  <File Type="PWROPT-DRC" Name="Ps2_Top_drc_pwropted.rpt"/>
  <File Type="OPT-METHODOLOGY-DRC" Name="Ps2_Top_methodology_drc_opted.rpt"/>
  <File Type="INIT-TIMING" Name="Ps2_Top_timing_summary_init.rpt"/>
  <File Type="ROUTE-PWR-RPX" Name="Ps2_Top_power_routed.rpx"/>
  <File Type="PA-TCL" Name="Ps2_Top.tcl"/>
  <File Type="OPT-HWDEF" Name="Ps2_Top.hwdef"/>
  <File Type="RDI-RDI" Name="Ps2_Top.vdi"/>
  <File Type="OPT-DCP" Name="Ps2_Top_opt.dcp"/>
  <File Type="OPT-DRC" Name="Ps2_Top_drc_opted.rpt"/>
  <File Type="OPT-TIMING" Name="Ps2_Top_timing_summary_opted.rpt"/>
  <File Type="PWROPT-DCP" Name="Ps2_Top_pwropt.dcp"/>
  <File Type="PWROPT-TIMING" Name="Ps2_Top_timing_summary_pwropted.rpt"/>
  <File Type="PLACE-DCP" Name="Ps2_Top_placed.dcp"/>
  <File Type="PLACE-IO" Name="Ps2_Top_io_placed.rpt"/>
  <File Type="PLACE-CLK" Name="Ps2_Top_clock_utilization_placed.rpt"/>
  <File Type="PLACE-UTIL" Name="Ps2_Top_utilization_placed.rpt"/>
  <File Type="PLACE-UTIL-PB" Name="Ps2_Top_utilization_placed.pb"/>
  <File Type="PLACE-CTRL" Name="Ps2_Top_control_sets_placed.rpt"/>
  <File Type="PLACE-SIMILARITY" Name="Ps2_Top_incremental_reuse_placed.rpt"/>
  <File Type="PLACE-PRE-SIMILARITY" Name="Ps2_Top_incremental_reuse_pre_placed.rpt"/>
  <File Type="PLACE-TIMING" Name="Ps2_Top_timing_summary_placed.rpt"/>
  <File Type="POSTPLACE-PWROPT-DCP" Name="Ps2_Top_postplace_pwropt.dcp"/>
  <File Type="POSTPLACE-PWROPT-TIMING" Name="Ps2_Top_timing_summary_postplace_pwropted.rpt"/>
  <File Type="PHYSOPT-DCP" Name="Ps2_Top_physopt.dcp"/>
  <File Type="PHYSOPT-DRC" Name="Ps2_Top_drc_physopted.rpt"/>
  <File Type="PHYSOPT-TIMING" Name="Ps2_Top_timing_summary_physopted.rpt"/>
  <File Type="ROUTE-ERROR-DCP" Name="Ps2_Top_routed_error.dcp"/>
  <File Type="ROUTE-DCP" Name="Ps2_Top_routed.dcp"/>
  <File Type="ROUTE-BLACKBOX-DCP" Name="Ps2_Top_routed_bb.dcp"/>
  <File Type="ROUTE-DRC" Name="Ps2_Top_drc_routed.rpt"/>
  <File Type="ROUTE-DRC-PB" Name="Ps2_Top_drc_routed.pb"/>
  <File Type="BG-BIN" Name="Ps2_Top.bin"/>
  <File Type="ROUTE-DRC-RPX" Name="Ps2_Top_drc_routed.rpx"/>
  <File Type="BG-DRC" Name="Ps2_Top.drc"/>
  <File Type="ROUTE-METHODOLOGY-DRC" Name="Ps2_Top_methodology_drc_routed.rpt"/>
  <File Type="BITSTR-MSK" Name="Ps2_Top.msk"/>
  <File Type="ROUTE-METHODOLOGY-DRC-RPX" Name="Ps2_Top_methodology_drc_routed.rpx"/>
  <File Type="BG-BGN" Name="Ps2_Top.bgn"/>
  <File Type="ROUTE-METHODOLOGY-DRC-PB" Name="Ps2_Top_methodology_drc_routed.pb"/>
  <File Type="ROUTE-PWR" Name="Ps2_Top_power_routed.rpt"/>
  <File Type="ROUTE-PWR-SUM" Name="Ps2_Top_power_summary_routed.pb"/>
  <File Type="ROUTE-STATUS" Name="Ps2_Top_route_status.rpt"/>
  <File Type="ROUTE-STATUS-PB" Name="Ps2_Top_route_status.pb"/>
  <File Type="ROUTE-TIMINGSUMMARY" Name="Ps2_Top_timing_summary_routed.rpt"/>
  <File Type="ROUTE-TIMING-PB" Name="Ps2_Top_timing_summary_routed.pb"/>
  <File Type="ROUTE-TIMING-RPX" Name="Ps2_Top_timing_summary_routed.rpx"/>
  <File Type="ROUTE-SIMILARITY" Name="Ps2_Top_incremental_reuse_routed.rpt"/>
  <File Type="ROUTE-CLK" Name="Ps2_Top_clock_utilization_routed.rpt"/>
  <File Type="POSTROUTE-PHYSOPT-DCP" Name="Ps2_Top_postroute_physopt.dcp"/>
  <File Type="POSTROUTE-PHYSOPT-BLACKBOX-DCP" Name="Ps2_Top_postroute_physopt_bb.dcp"/>
  <File Type="POSTROUTE-PHYSOPT-TIMING" Name="Ps2_Top_timing_summary_postroute_physopted.rpt"/>
  <File Type="POSTROUTE-PHYSOPT-TIMING-PB" Name="Ps2_Top_timing_summary_postroute_physopted.pb"/>
  <File Type="POSTROUTE-PHYSOPT-TIMING-RPX" Name="Ps2_Top_timing_summary_postroute_physopted.rpx"/>
  <File Type="BG-BIT" Name="Ps2_Top.bit"/>
  <File Type="BITSTR-RBT" Name="Ps2_Top.rbt"/>
  <File Type="BITSTR-NKY" Name="Ps2_Top.nky"/>
  <File Type="BITSTR-BMM" Name="Ps2_Top_bd.bmm"/>
  <File Type="BITSTR-MMI" Name="Ps2_Top.mmi"/>
  <File Type="BITSTR-SYSDEF" Name="Ps2_Top.sysdef"/>
  <File Type="WBT-USG" Name="usage_statistics_webtalk.html"/>
  <FileSet Name="sources" Type="DesignSrcs" RelSrcDir="$PSRCDIR/sources_1">
    <Filter Type="Srcs"/>
    <File Path="$PSRCDIR/sources_1/imports/sources_1/imports/EE3_PRE_FPGA1_204783161_302309539/FA.v">
      <FileInfo>
        <Attr Name="ImportPath" Val="$PPRDIR/../lab2/lab2.srcs/sources_1/imports/EE3_PRE_FPGA1_204783161_302309539/FA.v"/>
        <Attr Name="ImportTime" Val="1616311029"/>
        <Attr Name="UsedIn" Val="synthesis"/>
        <Attr Name="UsedIn" Val="implementation"/>
        <Attr Name="UsedIn" Val="simulation"/>
      </FileInfo>
    </File>
    <File Path="$PSRCDIR/sources_1/imports/sources_1/imports/EE3_PRE_FPGA1_204783161_302309539/Adder.v">
      <FileInfo>
        <Attr Name="ImportPath" Val="$PPRDIR/../lab2/lab2.srcs/sources_1/imports/EE3_PRE_FPGA1_204783161_302309539/Adder.v"/>
        <Attr Name="ImportTime" Val="1616311029"/>
        <Attr Name="UsedIn" Val="synthesis"/>
        <Attr Name="UsedIn" Val="implementation"/>
        <Attr Name="UsedIn" Val="simulation"/>
      </FileInfo>
    </File>
    <File Path="$PSRCDIR/sources_1/imports/sources_1/imports/EE3_PRE_FPGA1_204783161_302309539/Inc_Dec.v">
      <FileInfo>
        <Attr Name="ImportPath" Val="$PPRDIR/../lab2/lab2.srcs/sources_1/imports/EE3_PRE_FPGA1_204783161_302309539/Inc_Dec.v"/>
        <Attr Name="ImportTime" Val="1618065769"/>
        <Attr Name="UsedIn" Val="synthesis"/>
        <Attr Name="UsedIn" Val="implementation"/>
        <Attr Name="UsedIn" Val="simulation"/>
      </FileInfo>
    </File>
    <File Path="$PSRCDIR/sources_1/imports/sources_1/new/PS2_Interface.v">
      <FileInfo>
        <Attr Name="ImportPath" Val="$PPRDIR/../lab2/lab2.srcs/sources_1/new/PS2_Interface.v"/>
        <Attr Name="ImportTime" Val="1618074192"/>
        <Attr Name="UsedIn" Val="synthesis"/>
        <Attr Name="UsedIn" Val="implementation"/>
        <Attr Name="UsedIn" Val="simulation"/>
      </FileInfo>
    </File>
    <File Path="$PSRCDIR/sources_1/imports/sources_1/new/Ps2_Display.v">
      <FileInfo>
        <Attr Name="ImportPath" Val="$PPRDIR/../lab2/lab2.srcs/sources_1/new/Ps2_Display.v"/>
        <Attr Name="ImportTime" Val="1618074228"/>
        <Attr Name="UsedIn" Val="synthesis"/>
        <Attr Name="UsedIn" Val="implementation"/>
        <Attr Name="UsedIn" Val="simulation"/>
      </FileInfo>
    </File>
    <File Path="$PSRCDIR/sources_1/imports/sources_1/new/Ps2_Top.v">
      <FileInfo>
        <Attr Name="ImportPath" Val="$PPRDIR/../lab2/lab2.srcs/sources_1/new/Ps2_Top.v"/>
        <Attr Name="ImportTime" Val="1618075003"/>
        <Attr Name="UsedIn" Val="synthesis"/>
        <Attr Name="UsedIn" Val="implementation"/>
        <Attr Name="UsedIn" Val="simulation"/>
      </FileInfo>
    </File>
    <File Path="$PSRCDIR/sources_1/imports/sources_1/imports/EE3_PRE_FPGA1_204783161_302309539/Seg_7_Display.v">
      <FileInfo>
        <Attr Name="AutoDisabled" Val="1"/>
        <Attr Name="ImportPath" Val="$PPRDIR/../lab2/lab2.srcs/sources_1/imports/EE3_PRE_FPGA1_204783161_302309539/Seg_7_Display.v"/>
        <Attr Name="ImportTime" Val="1618061968"/>
        <Attr Name="UsedIn" Val="synthesis"/>
        <Attr Name="UsedIn" Val="implementation"/>
        <Attr Name="UsedIn" Val="simulation"/>
      </FileInfo>
    </File>
    <File Path="$PSRCDIR/sources_1/imports/sources_1/imports/EE3_PRE_FPGA1_204783161_302309539/Counter.v">
      <FileInfo>
        <Attr Name="AutoDisabled" Val="1"/>
        <Attr Name="ImportPath" Val="$PPRDIR/../lab2/lab2.srcs/sources_1/imports/EE3_PRE_FPGA1_204783161_302309539/Counter.v"/>
        <Attr Name="ImportTime" Val="1616311029"/>
        <Attr Name="UsedIn" Val="synthesis"/>
        <Attr Name="UsedIn" Val="implementation"/>
        <Attr Name="UsedIn" Val="simulation"/>
      </FileInfo>
    </File>
    <File Path="$PSRCDIR/sources_1/imports/sources_1/imports/EE3_PRE_FPGA1_204783161_302309539/Counter_tb.v">
      <FileInfo>
        <Attr Name="AutoDisabled" Val="1"/>
        <Attr Name="ImportPath" Val="$PPRDIR/../lab2/lab2.srcs/sources_1/imports/EE3_PRE_FPGA1_204783161_302309539/Counter_tb.v"/>
        <Attr Name="ImportTime" Val="1616311029"/>
        <Attr Name="UsedIn" Val="synthesis"/>
        <Attr Name="UsedIn" Val="implementation"/>
        <Attr Name="UsedIn" Val="simulation"/>
      </FileInfo>
    </File>
    <File Path="$PSRCDIR/sources_1/imports/sources_1/new/Ps2_Disp_tb.v">
      <FileInfo>
        <Attr Name="AutoDisabled" Val="1"/>
        <Attr Name="ImportPath" Val="$PPRDIR/../lab2/lab2.srcs/sources_1/new/Ps2_Disp_tb.v"/>
        <Attr Name="ImportTime" Val="1617979682"/>
        <Attr Name="UsedIn" Val="synthesis"/>
        <Attr Name="UsedIn" Val="implementation"/>
        <Attr Name="UsedIn" Val="simulation"/>
      </FileInfo>
    </File>
    <File Path="$PSRCDIR/sources_1/imports/sources_1/new/Ps2_Top_tb.v">
      <FileInfo>
        <Attr Name="AutoDisabled" Val="1"/>
        <Attr Name="ImportPath" Val="$PPRDIR/../lab2/lab2.srcs/sources_1/new/Ps2_Top_tb.v"/>
        <Attr Name="ImportTime" Val="1618071615"/>
        <Attr Name="UsedIn" Val="synthesis"/>
        <Attr Name="UsedIn" Val="implementation"/>
        <Attr Name="UsedIn" Val="simulation"/>
      </FileInfo>
    </File>
    <File Path="$PSRCDIR/sources_1/imports/sources_1/new/PS2_Interface_tb.v">
      <FileInfo>
        <Attr Name="AutoDisabled" Val="1"/>
        <Attr Name="ImportPath" Val="$PPRDIR/../lab2/lab2.srcs/sources_1/new/PS2_Interface_tb.v"/>
        <Attr Name="ImportTime" Val="1617974847"/>
        <Attr Name="UsedIn" Val="synthesis"/>
        <Attr Name="UsedIn" Val="implementation"/>
        <Attr Name="UsedIn" Val="simulation"/>
      </FileInfo>
    </File>
    <File Path="$PSRCDIR/sources_1/imports/sources_1/imports/lab1_student_sources/Inc_Dec_tb.v">
      <FileInfo>
        <Attr Name="AutoDisabled" Val="1"/>
        <Attr Name="ImportPath" Val="$PPRDIR/../lab2/lab2.srcs/sources_1/imports/lab1_student_sources/Inc_Dec_tb.v"/>
        <Attr Name="ImportTime" Val="1615567991"/>
        <Attr Name="UsedIn" Val="synthesis"/>
        <Attr Name="UsedIn" Val="implementation"/>
        <Attr Name="UsedIn" Val="simulation"/>
      </FileInfo>
    </File>
    <Config>
      <Option Name="DesignMode" Val="RTL"/>
      <Option Name="TopModule" Val="Ps2_Top"/>
      <Option Name="TopLib" Val="xil_defaultlib"/>
      <Option Name="TopRTLFile" Val="$PSRCDIR/sources_1/imports/sources_1/new/Ps2_Top.v"/>
    </Config>
  </FileSet>
  <FileSet Name="constrs_in" Type="Constrs" RelSrcDir="$PSRCDIR/constrs_1">
    <Filter Type="Constrs"/>
    <File Path="$PSRCDIR/constrs_1/imports/new/task1.xdc">
      <FileInfo>
        <Attr Name="ImportPath" Val="$PPRDIR/../lab2/lab2.srcs/constrs_1/new/task1.xdc"/>
        <Attr Name="ImportTime" Val="1618068974"/>
        <Attr Name="UsedIn" Val="synthesis"/>
        <Attr Name="UsedIn" Val="implementation"/>
      </FileInfo>
    </File>
    <Config>
      <Option Name="TargetConstrsFile" Val="$PSRCDIR/constrs_1/imports/new/task1.xdc"/>
      <Option Name="ConstrsType" Val="XDC"/>
    </Config>
  </FileSet>
  <Strategy Version="1" Minor="2">
    <StratHandle Name="Vivado Implementation Defaults" Flow="Vivado Implementation 2016"/>
    <Step Id="init_design"/>
    <Step Id="opt_design"/>
    <Step Id="power_opt_design"/>
    <Step Id="place_design"/>
    <Step Id="post_place_power_opt_design"/>
    <Step Id="phys_opt_design"/>
    <Step Id="route_design"/>
    <Step Id="post_route_phys_opt_design"/>
    <Step Id="write_bitstream"/>
  </Strategy>
</GenRun>
